,Profile,Username
127,Boo Â ğŸ‡¨ğŸ‡¦,3MBComics
27,Aaron Jackson,AaronJackson85
139,"Hi, it's Abby. Yep.",abbycohenwl
2,optimism survivor,abraveturtle
165,Adam of Earth,AdamOfEarth
87,Laurazepam,andlikelaura
94,andrew,AndrewChamings
112,andrew,AndrewsNotFunny
109,Captain Antagonist,AnOrangeSNES
36,Asher Perlman,asherperlman
169,touc,aspiringtoucan
103,Audrey Porne,AudreyPorne
171,orange shirt guy,awkwardphilippe
150,Bat Shit Crazy,BatBatshitcrazy
164,Beccaface,beccafacexo
107,Ian,Big_Cat74
154,meh,bonehugsnirony
162,tom nook PR department,boyletfire
49,ğŸ»uopuÉÉ¹q,BraandoCommando
70,Brandon the Cow,Brampersandon_
167,Brona C. Titley,bronactitley
177,Buc LegEnd (Â ğŸ‘£),BucMarvin
45,BuffaloÂ â„Â ğŸŒˆJill,Buffalojilll
91,Cam F Awesome,CamFAwesome
38,capâ€™n watsisname,capnwatsisname
12,âš¡ï¸Carly DangerÂ âš¡ï¸,carlyken
102,amanda abbington,CHIMPSINSOCKS
33,Trey,continentlbkfst
123,Cat Damon,CornOnTheGoblin
31,Viktor Winetrout,Cpin42
64,NatashaÂ ğŸ¥€,crownjuul
82,Abbi Crutchfield,curlycomedy
149,Floyd is dead,dafloydsta
62,David Hughes,david8hughes
18,decent pigeon,decentbirthday
37,your new dad,drankturpentine
29,dustin Couch,Dustinkcouch
39,Tasty Mouse Hands,ediblemousefeet
57,Ed Solomon,ed_solomon
72,â–ªï¸EffYeahStephÂ â–ªï¸,eff_yeah_steph
100,young bun,eminmien
17,erin chack,ErinChack
161,eric af,ewfeez
140,Fats Gordo,Fatsgordo
20,fishyÂ ğŸ ,fishbowel
110,wylde de beest,flashember
115,El Foambrero,Foambrero
113,Andrew Fowler,fowlerism
88,Frazzle My Birthday,FrazzleMyGimp
144,Phil,geowizzacist
40,ğ®ğ§ğ¡ğ¨ğ¥ğ² ğ ğ¡oğ¬ğ­ Â ğŸ‘»,gh0stkt
125,sarahdactyl,girlnarly
101,Prime Nate,GorillaNipples1
71,Grace Thomas is looking for work,GraceGThomas
75,Joel the Forklift!,grillyjoel
151,Hans Grubertron,HansGrubertron
104,Hat,HatTheButcher
117,HuffPostWomen,HuffPostWomen
132,HughGoesThere,HughGoesThere
5,human aaron,humanaaron
175,Burtitos,iamburtjarvis
63,spacegirl incognito,iamspacegirl
137,Andy Ryan,ItsAndyRyan
19,Fossilized Tree Resin,Jamberee13
119,Dugglebutt,jamdugg
14,average joe,jazz_inmypants
77,Jennifer McAuliffe,JenniferJokes
147,Julia Murray,jlouisemurray
152,Joss Whedon,joss
158,chunk mangione,KandyKoehn
170,KattsDogma,KattsDogma
65,k e i t h Â ğŸ¤Â ğŸ¥”,KeetPotato
89,Kevin (just Kevin) Â ğŸ”¶,Kevaclysm
73,Kevin Sussman,KevinSussman
74,the great stoned dragon,KickSumHunibuns
114,Abu Â ğŸ’ Abbs,KissabiX
50,Kristen Arnett,Kristen_Arnett
47,"Yes, We Kane",KWalps
32,Kyle Â ğŸŒ±,KylePlantEmoji
90,Lin-Manuel Miranda,Lin_Manuel
121,Lisabug BBQJonze,Lisabug74
51,Mac McCann,MacMcCannTX
153,Mara â€œGet Rid of the Nazisâ€ Wilson,MaraWilson
122,Danny,Mardigroan
142,mark hoppus.Â ğŸ³ï¸â€ğŸŒˆ,markhoppus
116,thotrey hepburn,markydoodoo
3,Matt.,MattTheBrand
67,Sassparilla,Megatronic13
118,Melvin of York,MelvinofYork
22,queen of incels,MichaelaOkla
76,Fato Gato,michicotriste
106,ditch pony,molly7anne
131,mÂ ğŸ‘©ğŸ»mma unfiltered,MommaUnfiltered
159,erin with the good hair,Mom_Overboard
34,Moose Allain ê™¬,MooseAllain
10,nicky the friendly shark,mostlysharks
98,john,mrjohndarby
13,Carly Safety,mscarlydanger
155,Amy,MsFoxIfUrNasty
59,matt tobey,mtobey
80,brent,murrman5
141,Oops!...I Dad It Again,NewDadNotes
176,New Lettuce,newLettuce
52,summer goth Â ğŸ¦‡,NicCageMatch
96,viking,notviking
1,JAY [ham] KAY,NurseMurderer
111,Quilliam,nyquills
66,yabkat,ohen39
95,Olly iConic,OllyiConic
78,dirt prince,pant_leg
43,jakey wakey,parttimewinner
60,phil,PhilJamesson
128,phteven,PhriendlyCody
25,Adult Male,PlainTravis
84,clean slate,PleaseBeGneiss
44,a nervous tick Â ğŸ³ï¸â€ğŸŒˆ,PoshTick
15,preston whaleiams,PrestoVision
61,Johnny Normality,Probgoblin
172,Mt. Quinn Â â›°,quinn_town
28,rachelle mandik Â ğŸ•³,rachelle_mandik
9,ghost mom,radtoria
93,ErBear,Rica_Bee
69,not steve. Â ğŸ’»,robfromonline
157,Nictitating Manbrain,robotmouthfarts
4,Ron Iver,ronnui_
99,Roxi Horror Â ğŸ’€Â ğŸŒ¸,roxiqt
85,rudy mustang,rudy_mustang
83,Max Miller,RuinMyWeek
16,Rica Â ğŸ,sage_lita
92,ğŸŒŒ Sarah Shockey Â ğŸŒŒ,sarahjoyshockey
108,ğŸš,ShellHasDragons
120,Shenanigans,Shenanigans_luv
130,shen the bird,Shen_the_Bird
68,Simon Holland,simoncholland
146,taffy b â—¬,singwithTaffy
35,Ray Â ğŸ¦”,SirEviscerate
23,Jeremy London,SirJeremyLondon
8,Steven (with a ph),SJKSalisbury
86,sarah schauer Â ğŸ¦‚,SJSchauer
26,the library haunter Â ğŸ¦‰Â ğŸ„Â â„,SketchesbyBoze
143,Steven W Skinner,SkinnerSteven
54,SlouchyÂ ğŸ³ï¸â€ğŸŒˆ,SlothSlouch
156,Smart Alyx,smart_alyx
148,inkedupandsonic,sonictyrant
179,sophielou,sophielou
30,[crying in spanish],SortaBad
21,Michelle Spies,spies_please
105,dairy cruise,squirl_haggard
160,Justin Staggs,Staggfilms
24,Steak-umm,steak_umm
138,Ian Sausage,stephenjmolloy
48,Jay Kay,Swoosh61
56,tara shoe,tarashoe
11,pat tobin,tastefactory
168,keith,tchrquotes
53,Marty Lawrence,TeaAndCopy
41,rox and rolll Â ğŸ’¥,tequilacowgirl
173,obi,ThaJawn
6,Spanky McDutcherson Â ğŸ”¸,thatdutchperson
7,mark,TheCatWhisprer
145,Anthony McHats,TheHatStore
124,the hype,TheHyyyype
166,Rob Cee,TheRobCee
174,Velocirooster oregonensis,Theropologist
129,Thomas Brendel Â ğŸ”€,theSolemnBard
58,moose Â ğŸ¦Œ,tiemoose
42,PapÃ¡ Rickshaw,Tiny_Rickshaw
133,Tommytoughstuff,Tommytoughstuff
126,m@thew,TweetPotato314
135,Uncle Duke,UncleDuke1969
134,Uncle Duke,UncleDuuke
46,Dr. Thot Yorke,vaginadental
136,marquis de sadboi,VanGobot
79,Snorklhuahua,weinerdog4life
97,jo diggity,WhaJoTalkinBout
55,madrigal,whatmaddness
81,Yael Grobglas,yaelgrobglas
178,ğŸ§ºğš˜ğš•ğš ğšğš˜ğš– Â ğŸ§º,YuckyTom
0,uri5el,zebrasyndicate
163,angry deer,_neckbread
